10001,HUMAN BIOLOGY ,BSCI,,,"Study of the scientific method and life's properties, emphasizing human biology. Topics include energy, genetics, reproduction, development disease, nutrition and physical fitness in humans.",2012
10002,LIFE ON PLANET EARTH ,BSCI,,,"Explores the fascinating breadth of life on Earth including the unique ecology and survival strategies of animals, plants and microbes in their natural habitats.",2012
10003,LABORATORY EXPERIENCE IN BIOLOGY ,BSCI,,BSCI 10001 or 10002.,Introductory college-level laboratory in biology for non-majors. Two hours of laboratory per week. Pre/corequisite: BSCI 10001 or 10002.,2012
10100,ANATOMY FOR VETERINARY TECHNICIANS ,BSCI,,,"Compare/identify anatomy and basic physiological functions of domestic animals: skeletal, muscles, integumentary, special sense organs, respiratory, digestive, urinary, reproductive, mammary glands, endocrine, nerves, circulatory, immune. Lecture 4 hours, laboratory 3 hours weekly.",2012
10110,BIOLOGICAL DIVERSITY ,BSCI,,,"Considered first course in biology majors' sequence. Examines the biodiversity of life from its origins to present-day prokaryotes and eukaryotes; their behavior, ecology and reproduction. Three hours lecture and two hours lab weekly. Field trips.",2012
10120,BIOLOGICAL FOUNDATIONS ,BSCI,,,"Considered second course in biology majors sequence. Examines organization of life from subcellular biochemistry and molecular biology to genetics, bioenergetics and system homeostasis. Three-hour lecture and three-hour lab weekly. Field trips.",2012
10195,SPECIAL TOPICS IN BIOLOGY,BSCI,pecial approval.,,(Repeatable for credit) Selected subjects and/or themes in biology.,2012
11001,ANATOMY FOR PHYSICAL AND OCCUPATIONAL THERAPY ,BSCI,,,This course covers the organization of the human body with emphasis on the structure and function of the neuro-musculo-skeletal systems.,2012
11010,ANATOMY AND PHYSIOLOGY I FOR ALLIED HEALTH ,BSCI,pecial approval.,,"Anatomy and physiology to include organization of the human body, cells, tissues, organs and systems, integumentary, skeletal, muscular and respiratory systems and overviews of the nervous and circulatory system.",2012
11020,ANATOMY AND PHYSIOLOGY II FOR ALLIED HEALTH ,BSCI,BSCI 11010 and special approval.,,"Anatomy and physiology of the circulatory, digestive, urinary, nervous, endocrine and reproductive systems.",2012
16001,HORTICULTURAL BOTANY ,BSCI,,,"To provide students with an understanding of the basic anatomy and physiology and growth characteristics of plants. Lecture two hours weekly, lab three hours weekly. Offered only at the Geauga and Salem campuses.",2012
20020,BIOLOGICAL STRUCTURE AND FUNCTION ,BSCI,,,"Basic design of human systems emphasizing the physiochemical and cellular bases of organ-system structure, function and development. Lecture four hours, laboratory three hours weekly.",2012
20021,BASIC MICROBIOLOGY ,BSCI,BSCI 20020; or BSCI 10100 and 10110.,,Principles of microorganisms having a direct relationship on the health and well-being of man.,2012
20022,BASIC MICROBIOLOGY LABORATORY ,BSCI,,BSCI 20021.,Laboratory experience in microbiology. Three hours of laboratory per week. Cannot be used to satisfy degree Requirements for biology majors. Corequisite: BSCI 20021.,2012
20195,SPECIAL TOPICS IN BIOLOGY,BSCI,pecial approval.,,(Repeatable for credit) Selected subjects and/or themes in Biology.,2012
20196,INTRODUCTION TO INDIVIDUAL INVESTIGATION,BSCI,8 hours of BSCI courses with a minimum grade of C (2.000) in those courses. Departmental and faculty mentor approvals required.,,(Repeatable for credit) Introduction to research in the biological sciences under the direction of a BSCI faculty mentor.,2012
26002,ECOLOGICAL PRINCIPLES OF PEST MANAGEMENT ,BSCI,BSCI 16001.,,"Basic principles of integrated pest management, pesticide application, pest identification and environmental effects. Lecture three hours weekly; offered only at the Salem Campus.",2012
26003,PLANT IDENTIFICATION AND SELECTION I ,BSCI,HORT 16001 and BSCI 16001.,,"Identification and selection of horticulturally important plant species. Emphasis on woody species, shrubs and trees. Lecture two hours weekly, lab three hours weekly. Offered only at the Salem Campus.",2012
26004,PLANT IDENTIFICATION AND SELECTION II ,BSCI,BSCI 16001 and HORT 16001.,,"Identification and selection of horticulturally important plant species. Emphasis on herbaceous species, ground covers and vines. Lecture two hours weekly, lab three hours weekly. Offered only at the Salem Campus.",2012
30005,CAREER PATHWAYS IN BIOLOGY ,BSCI,BSCI 10110 and 10120.,,Orients students toward various career pathways in the biological sciences.,2012
30030,HUMAN PHYSIOLOGY ,BSCI,BSCI 20020; or 10110 and 10120; and 9 hours chemistry.,,"Integrating mechanisms, pharmacological and pathological considerations for selected organ systems.",2012
30050,HUMAN GENETICS ,BSCI,8 hours of biology 5 hours of chemistry.,,Modern concepts of genetics applicable to the human including examination of genetically related diseases and their societal implications. Lecture three hours weekly.,2012
30140,CELL BIOLOGY ,BSCI,BSCI 10110 and 10120 and CHEM 10060 and 10061 and 10062 and 10063.,,Investigation of the cell as the fundamental unit of life with an emphasis on the relationship between cellular structure and function. Three-hour lecture and three-hour lab weekly.,2012
30156,ELEMENTS OF GENETICS ,BSCI,BSCI 10110 and 10120.,,"Principles of organic mechanisms for expression and transmission of traits as studied in molecules, cells, organisms and populations. Lecture three hours weekly.",2012
30171,GENERAL MICROBIOLOGY ,BSCI,"BSCI 30140; CHEM 10060, 10061, 10062 and 10063.",,"Fundamental principles of microbiology and of organisms including their structure, physiology, genetics, pathogenicity, classification, mechanisms of cultivation and control. Lecture three hours, lab three hours weekly.",2012
30267,PLANT PHYSIOLOGY ,BSCI,"BSCI 30140; CHEM 10060, 10061, 10062 and 10063.",,"Survey of physiological and biochemical processes, their interactions and effect on plant growth and behavior. Lecture three hours, lab three hours weekly.",2012
30270,GENERAL PLANT BIOLOGY ,BSCI,BSCI 10110 and BSCI 10120.,,"Covers all topics in modern plant biology, including molecular and cellular biology, physiology, anatomy, development, ecology, evolution and diversity.",2012
30271,GENERAL PLANT BIOLOGY LABORATORY ,BSCI,BSCI 10110 and BSCI 10120.,BSCI 30270,Laboratory and greenhouse exercises in general plant biology.,2012
30274,FORESTRY ,BSCI,BSCI 10110 and 10120.,,"Management of the forest resource within appropriate environmental constraints for sustained use relative to watershed protection, lumber production, recreation and wildlife.",2012
30275,LOCAL FLORA ,BSCI,BSCI 10110 and 10120.,,"Identification and field study of local plants: native, naturalized and cultivated. Two-hour lecture and six-hour lab weekly.",2012
30277,ECONOMIC BOTANY ,BSCI,BSCI 10110 and 10120.,,Biology of plants important to man and their relation to climate and geography. Lecture two hours weekly.,2012
30360,GENERAL ECOLOGY ,BSCI,BSCI 10110 and 10120.,,"Principles of ecology based on field studies of local plant and animal communities. Lecture three hours, lab three hours weekly.",2012
30361,BIOGEOGRAPHY ,BSCI,BSCI 10110 and 10120.,,Geographical distribution of biotic communities with special reference to North America and to their environmental control. Lecture three hours weekly.,2012
30362,INTRODUCTION TO BIOLOGY OF THE TROPICS ,BSCI,BSCI majors and junior or senior standing.,,Biology and conservation of tropical ecosystems and organisms.,2012
30518,VERTEBRATE ANATOMY ,BSCI,BSCI 10110 or 10120.,,"Concepts and methods of functional morphology. Comparative study of vertebrate organs and systems: skeletal, muscular, digestive, respiratory, circulatory, urogenital, nervous and endocrine. Lecture three hours, lab three hours weekly.",2012
30519,VERTEBRATE EMBRYOLOGY AND DEVELOPMENTAL ANATOMY ,BSCI,BSCI 20001 or 30518 and 30140.,,"Gametogenesis, fertilization, embryogenesis, organogenesis, normal/abnormal embryological development; emphasizing mammal; amphibian, bird illustrating general principles and concepts. Laboratory studies of frog, chick, pig developmental anatomy. Three one hour lectures and one three hour lab.",2012
30520,INTRODUCTION TO NEUROSCIENCE ,BSCI,BSCI 30140.,,"Basic principles in neuroscience from the cellular to systems level. Covers how the nervous system is organized, how it detects sensory stimuli to create a mental representation of their environment and output pathways by which the nervous system can control movement, hormone levels and physiological processes.",2012
30560,INVERTEBRATE ZOOLOGY ,BSCI,BSCI 10110 and 10120.,,Survey of the animal kingdom emphasizing evolutionary developments. Three-hour lecture and three-hour lab weekly.,2012
30580,ENTOMOLOGY ,BSCI,"BSCI 10110, 10120 and 10 hours of biology (BSCI) courses.",,"Classification, biology and ecology of the principal groups of insects. Lecture three hours, lab three hours weekly.",2012
30582,ORNITHOLOGY ,BSCI,BSCI 10110 and 10120.,,"Field study of natural history of local birds. Lecture three hours, lab three hours weekly.",2012
40020,BIOLOGY OF AGING ,BSCI,BSCI 20020 and CHEM 10050 and CHEM 10052.,,"Aging in cells, plants and animals, including man; maintaining human health during aging; current theories of aging. Lecture three hours weekly.",2012
40099,SENIOR HONORS THESIS,BSCI,Departmental faculty mentor and honors college approval.,,(Repeatable for credit)Honors thesis research project completed during the senior year with BSCI faculty mentor and research committee. Maximum of 4 credit hours to count toward BSCI degrees as upper division elective hours.,2012
40142,BIOENERGETICS ,BSCI,BSCI 30140 and CHEM 20481 or 30481.,,"Lecture and discussion of respiration and photosynthesis, their origin, development and control in living systems. Concepts are introduced from fundamental principles. Lecture three hours weekly.",2012
40143,EUKARYOTIC CELL BIOLOGY ,BSCI,BSCI 30140 and CHEM 20481 or 30481.,,"Current survey of the structure and function of eukaryotic cells, including recent advances in research technology. Lecture three hours weekly.",2012
40146,DEVELOPMENTAL MECHANISMS ,BSCI,"enior standing, B or better in BSCI 30156 and BSCI 30410.",,"Fundamental concepts and paradigms of development as exemplified by major model organisms, with main focus on modern molecular and genetic understanding of developmental mechanisms.",2012
40150,MOLECULAR MECHANISMS OF DISEASE: CANCER ,BSCI,"junior or senior standing, BSCI 30156 and BSCI 30140.",,"Explores the current understanding of molecular and cellular mechanisms of disease processes, including new technologies and modern strategies in the forefront of future biomedical research. Emphasis on a review of primary literature.",2012
40158,MOLECULAR BIOLOGY ,BSCI,BSCI 30140 and 30156.,,"Molecular genetics, DNS and RNA structure, chromosomes, DNA replication, recombination, genetic transcription and translation, gene expression, current concepts and technologies.",2012
40159,MOLECULAR BIOLOGY LAB ,BSCI,BSCI 30140; BSCI 40143 or 40158; CHEM 20481 or 30481; CHEM 30475.,,Experience in research methods for studying cellular and molecular processes in plant and animal systems. Lab meets 6 hours weekly.,2012
40160,MARINE BIOLOGY ,BSCI,BSCI 10110 and BSCI 10120.,,"Natural history and ecology of marine organisms, with emphasis on life in coastal habitats. Lecture three hours.",2012
40162,SOIL BIOLOGY ,BSCI,"junior or senior standing, BSCI 10110 and BSCI 10120.",,"The ecology and physiology of organisms that live in soil, including microbes, plants and animals. The physical and chemical aspects of soil are introduced to understand how organisms in soils impact nutrient cycles and ecosystem development.",2012
40163,ORGANIC EVOLUTION ,BSCI,BSCI 30156 and 4 hours of biology (BSCI) courses.,,"History of evolutionary theory, the evidences of evolution, the evolutionary forces and the products of these forces. Lecture three hours weekly.",2012
40164,MOLECULAR SYSTEMATICS AND PHYLOGENETICS ,BSCI,BSCI 40163.,,"Modern methods used in systematics, DNA sequencing, DNA fingerprinting, phylogenetic analysis and interpretation of character evolution. Three hours lecture and 3 hours lab weekly.",2012
40170,STREAM BIOLOGY ,BSCI,BSCI 10110 and 10120.,,"Identification, biology and ecology of stream-inhabiting organisms. Lecture two hours, lab three hours weekly.",2012
40174,IMMUNOLOGY ,BSCI,"BSCI 30171 and CHEM 10060, 10061, 10062 and 10063.",,Survey of the mammalian host responses to self and non-self with emphasis on the cellular and molecular mechanisms by which innate and acquired immunity result. Experimental design and data analyses are related to current methodologies used to study immunology. Lectures 3 hours weekly.,2012
40191,SENIOR SEMINAR,BSCI,biology (BSCI) major and senior standing.,,(Repeatable for credit)A capstone seminar course to examine biological topics and scientific contributions across subdisciplines. Discussion of current problems in the biological sciences related to societal needs and concerns.,2012
40192,INTERNSHIP IN BIOLOGICAL SCIENCES,BSCI,18 hours of biology and 2.750 minimum GPA in biology (BSCI) coursework and special approval.,,"(Repeatable for credit) Work experience and training in the biological sciences under the supervision of appropriate personnel in a government agency, nonprofit organization or business. Maximum of 4 credit hours to count toward BSCI degrees as upper division elective hours.",2012
40195,SPECIAL TOPICS IN BIOLOGY,BSCI,18 hours of biology (BSCI) coursework and special approval of instructor.,,(Repeatable for credit) Special topics in biology.,2012
40196,INDIVIDUAL INVESTIGATION,BSCI,A minimum BSCI grade average of 2.750 and at least 18 credit hours of BSCI coursework. Departmental and faculty mentor approvals required.,,"(Repeatable for credit) Research study under the direction of a BSCI faculty mentor. May be repeated; however, a maximum of 6 credit hours count toward BSCI degrees as upper-division elective hours.",2012
40272,PLANT ANATOMY ,BSCI,BSCI 10110 and 10120.,,"Development and structure of cells, tissues and tissue systems of seed plants. Both vegetative and reproductive structures of angiosperms will be emphasized. Lecture two hours, lab six hours weekly.",2012
40275,SYSTEMATIC BOTANY ,BSCI,BSCI 10110 and 10120.,,"Biosystematics, angiosperm, phylogeny, survey of some major families of dicotyledons. Lecture three hours, lab three hours weekly.",2012
40277,MORPHOLOGY OF LOWER PLANTS ,BSCI,BSCI 10110 and 10120.,,"Nonvascular plants, emphasizing structure, reproduction, evolution, fossil history, economic, ecological and medical importance. Lecture three hours, lab three hours weekly.",2012
40360,ICHTHYOLOGY ,BSCI,"junior standing, grade of C (2.000) or better in both BSCI 10110 and BSCI 10120.",,"Basic biology, natural history, behavior and ecology of the fishes. Three hour lecture and three hour lab weekly.",2012
40363,MICROBIAL ECOLOGY ,BSCI,,"BSCI 30171, 30360.","Microbial interactions with their biotic and abiotic environment; control of distribution and physiological activities; biochemical cycles; current techniques; emphasis on bacteria in aquatic systems. Pre- or corequisite BSCI 30171, 30360.",2012
40364,LIMNOLOGY ,BSCI,BSCI 30360.,,"Field and laboratory study of the principles of aquatic ecology. Recitation one hour, lecture two hours, lab three hours weekly.",2012
40368,WETLAND ECOLOGY AND MANAGEMENT ,BSCI,BSCI 10110 and 10120 and 10 hours of biology (BSCI) coursework.,,"Lecture, laboratory and field study of the principles of wetland ecology including adaptations of the biota to environmental conditions, comparison among different wetland habitat types and habitat management. Lecture 3 hours, lab 3 hours weekly.",2012
40372,"POPULATIONS, COMMUNITIES AND ECOSYSTEMS ",BSCI,BSCI 30360 and 40163.,,"Integrated investigation of population, community and ecosystem ecology from historical and current perspectives. Community and ecosystem views of nutrient dynamics and biodiversity provide a framework for consideration of food web patterns, energy flow and, ecosystem stability and function.",2012
40374,CONSERVATION BIOLOGY ,BSCI,BSCI 30360.,,Provides a critical analysis of the factors that threaten biological diversity in the biosphere and the consequences on biological processes and quality of life.,2012
40375,ENVIRONMENTAL BIOLOGY AND MANAGEMENT ,BSCI,BSCI 10110 and BSCI 10120 and BSCI 30360.,,"Introduction to current concepts in applied ecology and ecosystem management. Students will learn aspects of ecosystem management and restoration including: 1) how environmental factors affect organism survival and ecosystem structure, 2) how human impacts such as pollution, habitat fragmentation, introduction of invasive species affect ecosystems, and 3) the use of ecological principles and methods to restore and manage ecosystems.",2012
40376,TROPICAL FIELD BIOLOGY AND CONSERVATION ,BSCI,"junior or senior standing, BSCI 10110 and BSCI 10120.",,Introduction to major issues in tropical ecology and conservation including the threats to the biological diversity of tropical ecosystems resulting from human activities. Students learn how to apply modern field-observation techniques to generate and test problem-solving hypotheses.,2012
40430,ANIMAL PHYSIOLOGY ,BSCI,"BSCI 30140; CHEM 10060, 10061, 10062 and 10063.",,Physiologic principles and concepts.,2012
40432,ENDOCRINOLOGY ,BSCI,BSCI 40430.,,Principles of endocrine regulation of physiological and metabolic processes. Morphological and functional interrelationships between systems. Lecture three hours.,2012
40433,MAMMALIAN PHYSIOLOGY I ,BSCI,BSCI 40430; 9 hours mathematics (MATH) coursework; 20 hours chemistry (CHEM) coursework.,BSCI 40444.,"The internal environment, metabolism and energy balance, temperature regulation, nervous system and special senses. Lecture three hours.",2012
40434,MAMMALIAN PHYSIOLOGY II ,BSCI,BSCI 40430; 9 hours mathematics (MATH) coursework or 20 hours chemistry (CHEM) coursework.,BSCI 40445.,"Physiology of cardiovascular, renal, respiratory and digestive systems. Lecture three hours.",2012
40435,REPRODUCTIVE PHYSIOLOGY OF MAMMALS ,BSCI,BSCI 40430 and 40432.,,Current concepts of reproductive processes based on studies with laboratory and domestic animals and man. Lecture three hours.,2012
40439,ENVIRONMENTAL PHYSIOLOGY ,BSCI,"BSCI 10110 and 10120 and CHEM 10060, 10061, 10062 and 10063.",,"Effects of heat, cold, oxygen, carbon dioxide, pressure, radiant energy, salt and water variations and other environmental factors on organisms.",2012
40450,BIOLOGICAL CLOCKS ,BSCI,BSCI 30156; and BSCI 30520 or 40430 or 40433 or PSYC 41363.,,"Topics covered include the characteristics of biological clocks, their ecology, molecular biology, and neurobiology, the function and organization of sleep, and the medical implications of biological rhythmicity.",2012
40515,ANIMAL BEHAVIOR ,BSCI,BSCI 10110 and 10120 and junior standing.,,"Explores the evolution of various animal behaviors, the functions they might serve, and the interplay among the social, ecological and physiological mechanisms that regulate their occurrence.",2012
40517,HISTOLOGY ,BSCI,"BSCI 10110, 10120, 30140 and 4 hours of biology (BSCI) coursework.",,"Study of the microscopic and submicroscopic structure of the mammalian body in relation to function. Lecture two hours, lab three hours weekly.",2012
40519,HORMONES AND BEHAVIOR ,BSCI,BSCI 10110 and 10120; and junior standing.,,Current concepts of hormone and behavior interactions across species.,2012
40520,BEHAVIORAL EVOLUTION ,BSCI,BSCI 40163.,,Examination of how behavior contributes to survival and reproduction in an ecological context. We consider how behavior may have evolved in a wide range of animals.,2012
40525,WILDLIFE RESOURCES ,BSCI,BSCI 10110 and 10120 plus 4 hours of biology (BSCI) coursework.,,"Ecological parameters are discussed relative to the preservation and management of wild animal populations. Aesthetic, economic and environmental values are discussed. Lecture three hours weekly.",2012
40556,VERTEBRATE ZOOLOGY ,BSCI,BSCI 10110 and 10120 plus 4 hours of biology (BSCI) coursework.,,"Field approach to identification and natural history of all Ohio vertebrates except birds. Lecture three hours, lab and field three hours weekly.",2012
40581,ANIMAL PARASITOLOGY ,BSCI,"BSCI 10110, 10120 plus 4 hours of biology (BSCI) coursework.",,"Morphology, physiology, life-histories, systematics and economic importance of parasites. Lecture two hours lab, six hours weekly.",2012
40600,WRITING IN THE BIOLOGICAL SCIENCES ,BSCI,biology (BSCI) major and junior standing.,,Writing-intensive course taken with a 3- or 4-credit-hour upper-division biology course. This course may be used to satisfy the writing-intensive course Requirement with approval of major department.,2012
41010,BIOPHOTONICS ,BSCI,pecial approval.,,"Interdisciplinary overview of the basics of biophotonics; application of biophotonic techniques to probe biological samples. Introduction to the foundations of optics and photonics and how the molecular structure of organic molecules translates into unique photonic properties and targeting in biological cells or tissue. Preparation of fluorescent materials, advanced spectroscopy and cell visualization using regular and confocal fluorescence microcopy.",2012
50020,BIOLOGY OF AGING ,BSCI,BSCI 20020 and CHEM 10050 and CHEM 10052 and graduate standing.,,"Aging in cells, plants and animals, including humans; maintaining human health during aging; current theories of aging. Lecture three hours weekly.",2012
50142,BIOENERGETICS ,BSCI,BSCI 40430. Graduate standing.,,"Lecture and discussion of respiration and photosynthesis, their origin development and control in living systems. Concepts are introduced from fundamental principles. Lecture three hours weekly.",2012
50143,EUKARYOTIC CELL BIOLOGY ,BSCI,BSCI 40430. Graduate standing.,,"Current survey of the structure and function of eukaryotic cells, including recent advances in research technology. Lecture three hours weekly.",2012
50146,DEVELOPMENTAL MECHANISMS ,BSCI,graduate standing.,,"Fundamental concepts and paradigms of development as exemplified by major model organisms, with main focus on modern molecular and genetic understanding of developmental mechanisms.",2012
50150,MOLECULAR MECHANISMS OF DISEASE: CANCER ,BSCI,graduate standing.,,"Explores the current understanding of molecular and cellular mechanisms of disease processes, including new technologies and modern strategies in the forefront of future biomedical research. Emphasis on a review of primary literature.",2012
50158,MOLECULAR BIOLOGY ,BSCI,BSCI 30156 and graduate standing.,,"Molecular genetics, DNA and RNA structure, chromosomes DNA replication, recombination, genetic transcription and translation, gene expression, current concepts and technologies.",2012
50159,MOLECULAR BIOLOGY LABORATORY ,BSCI,BSCI 20140; BSCI 40143 or 40158; CHEM 20481 or 30481; CHEM 30475. Graduate standing.,,Experience in research methods for studying cellular and molecular processes in plant and animal systems. Lab meets 6 hours weekly.,2012
50160,MARINE BIOLOGY ,BSCI,Graduate standing.,,"Natural history and ecology of marine organisms, with emphasis on life in coastal habitats. Lecture three hours weekly.",2012
50162,SOIL BIOLOGY ,BSCI,graduate standing.,,"The ecology and physiology of organisms that live in soil, including microbes, plants and animals. The physical and chemical aspects of soil are introduced to understand how organisms in soils impact nutrient cycles and ecosystem development.",2012
50163,ORGANIC EVOLUTION ,BSCI,BSCI 30156 plus 4 hours of biology. Graduate standing.,,"Discussion of the history of evolutionary theory, the evidence of evolution the evolutionary forces and the products of those forces.",2012
50164,MOLECULAR SYSTEMATICS AND PHYLOGENETICS ,BSCI,BSCI 40163; graduate standing.,,"Modern methods used in systematics, DNA sequencing, DNA fingerprinting, phylogenetic analysis and interpretation of character evolution. Three hours lecture and 3 hours lab weekly.",2012
50170,STREAM BIOLOGY ,BSCI,BSCI 10181 and 10182 . Graduate standing.,,"Identification, biology and ecology of stream-inhabiting organisms. Lecture two hours, laboratory three hours weekly.",2012
50174,IMMUNOLOGY ,BSCI,"BSCI 30171 and CHEM 10060, 10061 and 10062. Graduate standing.",,Survey of the mammalian host responses to self and non-self with emphasis on the cellular and molecular mechanisms by which innate and acquired immunity result. Experimental design and data analyses are related to current methodologies used to study immunology. Lecture three hours weekly.,2012
50195,SPECIAL TOPICS IN BIOLOGY,BSCI,Special approval of instructor and graduate standing.,,(Repeatable for credit) Special topics in biology.,2012
50196,INDIVIDUAL INVESTIGATION,BSCI,Special approval of instructor and graduate standing.,,(Repeatable for credit) Individual investigation in biology.,2012
50272,PLANT ANATOMY ,BSCI,"BSCI 10181, 10182. Graduate standing.",,"Development and structure of cells, tissues and tissue systems of seed plants. Both vegetative and reproductive structures of angiosperms will be emphasized. Lecture two hours, laboratory six hours weekly.",2012
50275,SYSTEMATIC BOTANY ,BSCI,BSCI 10181 10182 or equivalent. Graduate standing.,,"Biosystematics, angiosperm phylogeny survey of some major families of dicotyledons. Lecture three hours laboratory three hours weekly.",2012
50277,MORPHOLOGY OF LOWER PLANTS ,BSCI,BSCI 10181 10182 or equivalent. Graduate standing.,,"Nonvascular plants, emphasizing structure reproduction evolution fossil history economic ecological and medical importance. Lecture three hours laboratory three hours weekly.",2012
50360,ICHTHYOLOGY ,BSCI,graduate standing.,,"Basic biology, natural history, behavior and ecology of the fishes. Three hour lecture and three hour lab weekly.",2012
50363,MICROBIAL ECOLOGY ,BSCI,"BSCI 30171, 30360. Graduate standing.",,Microbial interactions with their biotic and abiotic environment; control of distribution and physiological activities; emphasis on bacteria in aquatic systems.,2012
50364,LIMNOLOGY ,BSCI,BSCI 30360t. Graduate standing.,,"Field and laboratory study of the principles of aquatic ecology. Recitation one hour, lecture two hours, laboratory three hours weekly.",2012
50368,WETLAND ECOLOGY AND MANAGEMENT ,BSCI,Graduate standing.,,"Lecture, laboratory and field study of the principles of wetland ecology including adaptations of the biota to environmental conditions, comparison among different wetland habitat types and habitat management. Lecture 3 hours lab 3 hours weekly.",2012
50372,"POPULATIONS, COMMUNITIES AND ECOSYSTEMS ",BSCI,BSCI 30360 and 40163; graduate standing.,,"Integrated investigation of population, community and ecosystem ecology from historical and current perspectives. Community and ecosystem views of nutrient dynamics and biodiversity provide a framework for consideration of food web patterns energy flow and, ecosystem stability and function.",2012
50374,CONSERVATION BIOLOGY ,BSCI,BSCI 30360 and graduate standing.,,Provides a critical analysis of the factors that threaten biological diversity in the biosphere and the consequences on biological processes and quality of life.,2012
50375,ENVIRONMENTAL BIOLOGY AND MANAGEMENT ,BSCI,graduate standing.,,"Introduction to current concepts in applied ecology and ecosystem management. Students will learn aspects of ecosystem management and restoration including: 1) how environmental factors affect organism survival and ecosystem structure, 2) how human impacts such as pollution, habitat fragmentation, introduction of invasive species affect ecosystems, and 3) the use of ecological principles and methods to restore and manage ecosystems.",2012
50376,TROPICAL FIELD BIOLOGY AND CONSERVATION ,BSCI,graduate standing.,,Introduction to major issues in tropical ecology and conservation including the threats to the biological diversity of tropical ecosystems resulting from human activities. Students learn how to apply modern field-observation techniques to generate and test problem-solving hypotheses.,2012
50432,ENDOCRINOLOGY ,BSCI,BSCI 40430 and graduate standing.,,Principles of endocrine regulation of physiological and metabolic processes. Morphological and functional interrelationships between systems. Lecture three hours weekly.,2012
50433,MAMMALIAN PHYSIOLOGY I ,BSCI,BSCI 40430; 9 hours mathematics; 20 hours chemistry; graduate standing.,,"The internal environment, metabolism and energy balance, temperature regulation, nervous system and special senses. Lecture three hours.",2012
50434,MAMMALIAN PHYSIOLOGY II ,BSCI,BSCI 40430; 9 hours mathematics; 20 hours chemistry; graduate standing.,,"Physiology of cardiovascular, renal, respiratory and digestive systems. Lecture three hours.",2012
50435,REPRODUCTIVE PHYSIOLOGY OF MAMMALS ,BSCI,BSCI 40430 and 40432; graduate standing.,,Current concepts of reproductive processes based on studies with laboratory and domestic animals and man. Lecture three hours.,2012
50439,ENVIRONMENTAL PHYSIOLOGY ,BSCI,"BSCI 10181, 10182; CHEM 10060, 10061 and 10062. Graduate standing.",,"Effects of heat, cold, oxygen, carbon dioxide, pressure, radiant energy salt, and water variations and other environmental factors on organisms. Lecture four hours weekly.",2012
50445,MAMMALIAN PHYSIOLOGY LAB II ,BSCI,,BSCI 5/70434. Graduate standing.,Laboratory experimentation emphasizing physiological principles covered in BSCI 5/70434. Corequisite: BSCI 5/70434. Graduate standing.,2012
50450,BIOLOGICAL CLOCKS ,BSCI,graduate standing.,BSCI 50451.,"Topics covered include the characteristics of biological clocks, their ecology, molecular biology, and neurobiology, the function and organization of sleep, and the medical implications of biological rhythmicity. Students enrolling at the graduate level should have some background in neurobiology and genetics.",2012
50451,CURRENT TOPICS IN BIOLOGICAL CLOCKS RESEARCH ,BSCI,graduate standing.,BSCI 50450.,Discussion of current research literature in the area of research on biological clocks.,2012
50515,ANIMAL BEHAVIOR ,BSCI,graduate standing.,,"Explores the evolution of various animal behaviors, the functions they might serve, and the interplay among the social, ecological and physiological mechanisms that regulate their occurrence.",2012
50517,HISTOLOGY ,BSCI,"BSCI 10181, 10182, plus 4 hours of biology. Graduate standing.",,"Study of the microscopic and submicroscopic structure of the mammalian body in relation to function. Lecture two hours, laboratory three hours weekly.",2012
50519,HORMONES AND BEHAVIOR ,BSCI,graduate standing.,,Current concepts of hormone and behavior interactions across species.,2012
50520,BEHAVIORAL EVOLUTION ,BSCI,graduate standing and special approval.,BSCI 50522.,Examination of how behavior contributes to survival and reproduction in an ecological context. We consider how behavior may have evolved in a wide range of animals. Students enrolled at the graduate level in the course are expected to have had a course in evolution.,2012
50522,READINGS IN BEHAVIORAL EVOLUTION ,BSCI,graduate standing and special approval.,BSCI 50520.,Graduate reading course designed to give experience leading discussions and writing proposals. Students enrolled at the graduate level are expected to have had a course in evolution.,2012
50525,WILDLIFE RESOURCES ,BSCI,BSCI 10181 and 10182 plus 4 hours. Graduate standing.,,Ecological parameters are discussed relative to the preservation and management of wild animal populations. Aesthetic economic and environmental values are discussed. Lecture three hours weekly.,2012
50556,VERTEBRATE ZOOLOGY ,BSCI,"BSCI 10181, 10182 plus 4 hours of biology. Graduate standing.",,"Field approach to identification and natural history of all Ohio vertebrates except birds. Lecture three hours, laboratory and field three hours weekly.",2012
51010,BIOPHOTONICS ,BSCI,graduate standing and special approval.,,"Interdisciplinary overview of the basics of biophotonics; application of biophotonic techniques to probe biological samples. Introduction to the foundations of optics and photonics and how the molecular structure of organic molecules translates into unique photonic properties and targeting in biological cells or tissue. Preparation of fluorescent materials, advanced spectroscopy and cell visualization using regular and confocal fluorescence microscopy.",2012
60080,EXPERIMENTAL METHODS IN BIOLOGY ,BSCI,Special approval and graduate standing.,,"The development of hypotheses, principles of experimental design and methods of gathering and evaluating data.",2012
60103,BIOLOGICAL STATISTICS ,BSCI,graduate standing.,,"Principles of experimental design and statistical analysis, and how to choose and interpret statistical tests using biological data sets.",2012
60144,SELECTED READINGS IN EUKARYOTIC CELL BIOLOGY ,BSCI,Graduate standing.,BSCI 50143,Directed readings in cell and molecular biology from the primary and review literature will be presented and discussed by the students.,2012
60194,COLLEGE TEACHING IN BIOLOGY,BSCI,Special approval of instructor and graduate standing.,,(Repeatable for credit) Training and experience in college teaching of biology. Maximum of 2 hours applicable toward degree. Required in all degree programs.,2012
60198,RESEARCH,BSCI,Special approval and graduate standing.,,(Repeatable for credit) Research or individual investigation for master's level graduate students. Credits earned may be applied toward degree Requirements if department approves.,2012
60199,THESIS I ,BSCI,Special approval and graduate standing.,,"Thesis students must register for a minimum of 6 hours, 2 to 6 hours in a single semester distributed over several semesters if desired.",2012
60299,THESIS II ,BSCI,BSCI 60199 and graduate standing.,,Thesis students must continue registration each semester until all degree Requirements are met.,2012
60370,ECOLOGICAL GENETICS ,BSCI,"BSCI 30156 30360, 40162. Graduate standing.",,"Dynamics of genes in diploid populations and consequent interactions with and effects on components of the ecosystem, with examples.",2012
60371,EVOLUTIONARY ECOLOGY ,BSCI,BSCI 30360. Graduate standing.,,An application of the theory of natural selection to the evolution of population and community phenomena.,2012
60391,SEMINAR IN ECOLOGY,BSCI,Special approval of instructor and graduate standing.,,(Repeatable for credit) Seminar on topics in animal and plant ecology. Credits earned may be applied to degree if department approves.,2012
60431,NEUROENDOCRINOLOGY ,BSCI,graduate standing.,,Role of the central nervous system in the regulation of hormonal and vegetative functions; structure function relationships between brain and pituitary with modern views of neuroendocrine regulation. Methods for study of neuroendocrine relationships is discussed.,2012
60440,CELLULAR AND MOLECULAR SIGNALING ,BSCI,BSCI 4/5/70143; and graduate standing.,,"The relevant and current topics associated with cellular signaling is covered. Topics include receptor pharmacology, classes and regulation, transcription factors, cell cycle signaling and cell-cell communication.",2012
60446,ADVANCED HUMAN PHYSIOLOGY ,BSCI,Special approval from department and graduate standing.,,Physiological mechanisms of human health and disease with an emphasis on integrative physiology. Lecture 3 hours weekly.,2012
60461,NEUROCHEMISTRY ,BSCI,CHEM 5/70247. Graduate standing.,,"Basic biochemistry of the mammalian nervous system, including myelin structure and metabolism, stimulus-secretion coupling, neurotransmitter and eicosanoid metabolism, energy utilization and the biochemistry of nervous disorders.",2012
60462,NEUROBIOLOGY: SYSTEMS AND BEHAVIOR ,BSCI,graduate standing.,,"Provides broad coverage of the parts of the central nervous systems and how they integrate sensory information, drive motor function and regulate behavior.",2012
60491,SEMINAR IN PHYSIOLOGY,BSCI,Special approval of instructor and graduate standing.,,(Repeatable for credit) Credits may be applied toward degree if department approves.,2012
70103,BIOLOGICAL STATISTICS ,BSCI,doctoral standing.,,"Principles of experimental design and statistical analysis, and how to choose and interpret statistical tests using biological data sets.",2012
70142,BIOENERGETICS ,BSCI,BSCI 40430. Doctoral standing.,,"Lecture and discussion of respiration and photosynthesis, their origin development and control in living systems. Concepts are introduced from fundamental principles. Lecture three hours weekly.",2012
70143,EUKARYOTIC CELL BIOLOGY ,BSCI,BSCI 40430. Doctoral standing.,,"Current survey of the structure and function of eukaryotic cells, including recent advances in research technology. Lecture three hours weekly.",2012
70144,SELECTED READINGS IN EUKARYOTIC CELL BIOLOGY ,BSCI,Doctoral standing.,BSCI 70143.,Directed readings in cell and molecular biology from the primary and review literature will be presented and discussed by the students.,2012
70146,DEVELOPMENTAL MECHANISMS ,BSCI,doctoral standing.,,"Fundamental concepts and paradigms of development as exemplified by major model organisms, with main focus on modern molecular and genetic understanding of developmental mechanisms.",2012
70150,MOLECULAR MECHANISMS OF DISEASE: CANCER ,BSCI,doctoral standing.,,"Explores the current understanding of molecular and cellular mechanisms of disease processes, including new technologies and modern strategies in the forefront of future biomedical research. Emphasis on a review of primary literature.",2012
70158,MOLECULAR BIOLOGY ,BSCI,BSCI 30156 and doctoral standing.,,"Molecular genetics, DNA and RNA structure, chromosomes, DNA replication, recombination, genetic transcription and translation, gene expression, current concepts and technologies.",2012
70160,MARINE BIOLOGY ,BSCI,Doctoral standing.,,"Natural history and ecology of marine organisms, with emphasis on life in coastal habitats. Lecture three hours weekly.",2012
70162,SOIL BIOLOGY ,BSCI,doctoral standing.,,"The ecology and physiology of organisms that live in soil, including microbes, plants and animals. The physical and chemical aspects of soil are introduced to understand how organisms in soils impact nutrient cycles and ecosystem development.",2012
70163,ORGANIC EVOLUTION ,BSCI,BSCI 30156 plus 4 hours of biology. Doctoral standing.,,"Discussion of the history of evolutionary theory, the evidence of evolution, the evolutionary forces and the products of those forces.",2012
70164,MOLECULAR SYSTEMATICS AND PHYLOGENETICS ,BSCI,BSCI 40163; doctoral standing.,,"Modern methods used in systematics, DNA sequencing, DNA fingerprinting, phylogenetic analysis and interpretation of character evolution. Three hours lecture and 3 hours lab weekly.",2012
70170,STREAM BIOLOGY ,BSCI,BSCI 10181 and 10182. Doctoral standing.,,"Identification, biology and ecology of stream-inhabiting organisms. Lecture two , laboratory three hours weekly.",2012
70174,IMMUNOLOGY ,BSCI,"BSCI 30171 and CHEM 10060, 10061 and 10062. Doctoral standing.",,Survey of the mammalian host responses to self and non-self with emphasis on the cellular and molecular mechanisms by which innate and acquired immunity result. Experimental design and data analyses are related to current methodologies used to study immunology. Lecture three hours weekly.,2012
70194,COLLEGE TEACHING IN BIOLOGY,BSCI,Special approval of instructor and doctoral standing.,,(Repeatable for credit) Training and experience in college teaching of biology. Maximum of 2 hours applicable toward degree. Required in all degree programs.,2012
70195,SPECIAL TOPICS IN BIOLOGY,BSCI,Special approval of instructor and doctoral standing.,,(Repeatable for credit),2012
70196,INDIVIDUAL INVESTIGATION,BSCI,Special approval of instructor and doctoral standing.,,(Repeatable for credit),2012
70272,PLANT ANATOMY ,BSCI,"BSCI 10181, 10182. Doctoral standing.",,"Development and structure of cells, tissues and tissue systems of seed plants. Both vegetative and reproductive structures of angiosperms will be emphasized. Lecture two hours, laboratory six hours weekly.",2012
70275,SYSTEMATIC BOTANY ,BSCI,"BSCI 10181, 10182. Doctoral standing.",,"Biosystematics, angiosperm phylogeny, survey of some major families of dicotyledons. Lecture three hours, laboratory three hours weekly.",2012
70277,MORPHOLOGY OF LOWER PLANTS ,BSCI,"BSCI 10181, 10182. Doctoral standing.",,"Nonvascular plants, emphasizing structure, reproduction, evolution, fossil history, economic, ecological and medical importance. Lecture three hours, laboratory three hours weekly.",2012
70360,ICHTHYOLOGY ,BSCI,doctoral standing.,,"Basic biology, natural history, behavior and ecology of the fishes. Three hour lecture and three hour lab weekly.",2012
70363,MICROBIAL ECOLOGY ,BSCI,"BSCI 30171, 30360. Doctoral standing.",,Microbial interactions with their biotic and abiotic environment; control of distribution and physiological activities; emphasis on bacteria in aquatic systems.,2012
70364,LIMNOLOGY ,BSCI,BSCI 30360. Doctoral standing.,,"Field and laboratory study of the principles of aquatic ecology. Recitation one hour, lecture two hours, laboratory three hours weekly.",2012
70368,WETLAND ECOLOGY AND MANAGEMENT ,BSCI,Doctoral standing.,,"Lecture, laboratory and field study of the principles of wetland ecology including adaptations of the biota to environmental conditions, comparison among different wetland habitat types and habitat management. Lecture 3 hours, lab 3 hours weekly.",2012
70370,ECOLOGICAL GENETICS ,BSCI,"BSCI 30156, 30360, 40162. Doctoral standing.",,"Dynamics of genes in diploid populations and consequent interactions with and effects on components of the ecosystem, with examples.",2012
70371,EVOLUTIONARY ECOLOGY ,BSCI,BSCI 30360. Doctoral standing.,,An application of the theory of natural selection to the evolution of population and community phenomena.,2012
70372,"POPULATIONS, COMMUNITIES AND ECOSYSTEMS ",BSCI,BSCI 30360 and 40163; doctoral standing.,,"Integrated investigation of population, community, and ecosystem ecology from historical and current perspectives. Community and ecosystem views of nutrient dynamics and biodiversity provide a framework for consideration of food web patterns, energy flow, and ecosystem stability and function.",2012
70374,CONSERVATION BIOLOGY ,BSCI,BSCI 30360 and doctoral standing.,,Provides a critical analysis of the factors that threaten biological diversity in the biosphere and the consequences on biological processes and quality of life.,2012
70375,ENVIRONMENTAL BIOLOGY AND MANAGEMENT ,BSCI,doctoral standing.,,"Introduction to current concepts in applied ecology and ecosystem management. Students will learn aspects of ecosystem management and restoration including: 1) how environmental factors affect organism survival and ecosystem structure, 2) how human impacts such as pollution, habitat fragmentation, introduction of invasive species affect ecosystems, and 3) the use of ecological principles and methods to restore and manage ecosystems.",2012
70376,TROPICAL FIELD BIOLOGY AND CONSERVATION ,BSCI,doctoral standing.,,Introduction to major issues in tropical ecology and conservation including the threats to the biological diversity of tropical ecosystems resulting from human activities. Students learn how to apply modern field-observation techniques to generate and test problem-solving hypotheses.,2012
70391,SEMINAR IN ECOLOGY,BSCI,Special approval of instructor and doctoral standing.,,(Repeatable for credit) Seminar on topics in animal and plant ecology. Credits earned may be applied to degree if department approves.,2012
70431,NEUROENDOCRINOLOGY ,BSCI,doctoral standing.,,Role of the central nervous system in the regulation of hormonal and vegetative functions; structure function relationships between brain and pituitary with modern views of neuroendocrine regulation. Methods for study of neuroendocrine relationships is discussed.,2012
70432,ENDOCRINOLOGY ,BSCI,BSCI 40430 and doctoral standing.,,Principles of endocrine regulation of physiological and metabolic processes. Morphological and functional interrelationships between systems. Lecture three hours weekly.,2012
70433,MAMMALIAN PHYSIOLOGY I ,BSCI,BSCI 40430; 9 hours mathematics; 20 hours chemistry; doctoral standing.,,"The internal environment, metabolism and energy balance, temperature regulation, nervous system and special senses. Lecture three hours.",2012
70434,MAMMALIAN PHYSIOLOGY II ,BSCI,BSCI 40430; 9 hours mathematics; 20 hours chemistry; doctoral standing.,,"Physiology of cardiovascular, renal, respiratory and digestive systems. Lecture three hours.",2012
70435,REPRODUCTIVE PHYSIOLOGY OF MAMMALS ,BSCI,BSCI 40430 and 40432. Doctoral standing.,,Current concepts of reproductive processes based on studies with laboratory and domestic animals and man. Lecture three hours.,2012
70439,ENVIRONMENTAL PHYSIOLOGY ,BSCI,"BSCI 10181, 10182; CHEM 10060, 10061 and 10062. Doctoral standing.",,"Effects of heat, cold, oxygen, carbon dioxide, pressure, radiant energy, salt, and water variations and other environmental factors on organisms. Lecture four hours weekly.",2012
70440,CELLULAR AND MOLECULAR SIGNALING ,BSCI,BSCI 4/5/70143 and doctoral standing.,,"The relevant and current topics associated with cellular signaling is covered. Topics include receptor pharmacology, classes and regulation, transcription factors, cell cycle signaling and cell-cell communication.",2012
70445,MAMMALIAN PHYSIOLOGY LAB II ,BSCI,doctoral standing.,BSCI 50434 or 70434.,Laboratory experimentation emphasizing physiological principles covered in BSCI 5/70434.,2012
70450,BIOLOGICAL CLOCKS ,BSCI,doctoral standing.,BSCI 70451.,"Topics covered include the characteristics of biological clocks, their ecology, molecular biology, and neurobiology, the function and organization of sleep, and the medical implications of biological rhythmicity. Students enrolling at the graduate level should have some background in neurobiology and genetics.",2012
70451,CURRENT TOPICS IN BIOLOGICAL CLOCKS RESEARCH ,BSCI,doctoral standing.,BSCI 70450.,Discussion of current research literature in the area of research on biological clocks.,2012
70461,NEUROCHEMISTRY ,BSCI,CHEM 5/70247. Doctoral standing.,,"Basic biochemistry of the mammalian nervous system, including myelin structure and metabolism, stimulus-secretion coupling, neurotransmitter and eicosanoid metabolism, energy utilization and the biochemistry of nervous disorders.",2012
70491,SEMINAR IN PHYSIOLOGY,BSCI,Special approval of instructor and doctoral standing.,,(Repeatable for credit)Credits may be applied toward degree if department approves.,2012
70515,ANIMAL BEHAVIOR ,BSCI,doctoral standing.,,"Explores the evolution of various animal behaviors, the functions they might serve, and the interplay among the social, ecological and physiological mechanisms that regulate their occurrence.",2012
70517,HISTOLOGY ,BSCI,"BSCI 10181, 10182 plus 4 hours of biology. Doctoral standing.",,Study of the microscopic and submicroscopic structure of the mammalian body in relation to function. Lecture two hours laboratory three hours weekly.,2012
70519,HORMONES AND BEHAVIOR ,BSCI,doctoral standing.,,Current concepts of hormone and behavior interactions across species.,2012
70520,BEHAVIORAL EVOLUTION ,BSCI,doctoral standing and special approval.,BSCI 70522.,Examination of how behavior contributes to survival and reproduction in an ecological context. We consider how behavior may have evolved in a wide range of animals. Students enrolled at the graduate level will be expected to have had a course in evolution.,2012
70522,READINGS IN BEHAVIORAL EVOLUTION ,BSCI,doctoral standing and special approval.,BSCI 70520.,Graduate reading course designed to give experience leading discussions and writing proposals. Students enrolled at the graduate level will be expected to have had a course in evolution.,2012
70525,WILDLIFE RESOURCES ,BSCI,BSCI 10181 and 10182 plus 4 hours. Doctoral standing.,,Ecological parameters are discussed relative to the preservation and management of wild animal populations. Aesthetic economic and environmental values are discussed. Lecture three hours weekly.,2012
70556,VERTEBRATE ZOOLOGY ,BSCI,"BSCI 10181, 10182 plus 4 hours of biology. Doctoral standing.",,Field approach to identification and natural history of all Ohio vertebrates except birds. Lecture three hours laboratory and field three hours weekly.,2012
80198,RESEARCH,BSCI,Doctoral standing.,,(Repeatable for credit) Research or individual investigation for doctoral students who have not yet passed candidacy examination.,2012
80199,DISSERTATION I,BSCI,Special approval and doctoral standing.,,"(Repeatable for credit) Doctoral dissertation, for which registration in at least two semesters is required first of which will be semester in which dissertation work is begun and continuing until the completion of 30 hours.",2012
80299,DISSERTATION II,BSCI,BSCI 80199 and doctoral standing.,,(Repeatable for credit) Continuing registration of doctoral students who have completed the initial 30 hours of dissertation and continuing until all degree Requirements are met.,2012
